idPlayer,nomePlayer,team_id,team_name,atleta_id,nome,apelido,foto,clube_nome,escudos_foto
61887,Murilo,1012,Palmeiras,97653.0,Murilo Cerqueira Paim,Murilo,https://s.glbimg.com/es/sde/f/2022/02/21/934e2aaafb55c35f6f83b91333b4f5b8_140x140.png,Palmeiras,https://s.glbimg.com/es/sde/f/organizacoes/2014/04/14/palmeiras_60x60.png
39038,Zé Rafael,1012,Palmeiras,82455.0,José Rafael Vivian,Zé Rafael,https://s.glbimg.com/es/sde/f/2022/02/21/a9bb4a6cb2ff8e2f533bf41f37dd93dc_140x140.png,Palmeiras,https://s.glbimg.com/es/sde/f/organizacoes/2014/04/14/palmeiras_60x60.png
38496,Luan,1012,Palmeiras,80692.0,Luan Garcia Teixeira,Luan,https://s.glbimg.com/es/sde/f/2022/02/21/c6c7b2c98c560509a3d86811257b9a72_140x140.png,Palmeiras,https://s.glbimg.com/es/sde/f/organizacoes/2014/04/14/palmeiras_60x60.png
38496,Luan,1012,Palmeiras,63219.0,Luan Madson Gedeão De Paiva,Luan,https://s.glbimg.com/es/sde/f/2022/03/10/4d4105d21e940f2196411712809490b4_140x140.png,Goiás,https://s.glbimg.com/es/sde/f/organizacoes/2021/03/01/goias-65.png
38496,Luan,1012,Palmeiras,102909.0,Luan Vinícius da Silva Santos ,Luan,https://s.glbimg.com/es/sde/f/2022/03/01/6b4e62b423e7b34762e0c7f626ea5ebd_140x140.png,São Paulo,https://s.glbimg.com/es/sde/f/organizacoes/2014/04/14/sao_paulo_60x60.png
38496,Luan,1012,Palmeiras,86759.0,Luan Guilherme de Jesus Vieira,Luan,https://s.glbimg.com/es/sde/f/2021/08/06/328c913e6c5fb79d1eb23f608c77e539_140x140.png,Corinthians,https://s.glbimg.com/es/sde/f/organizacoes/2019/09/30/Corinthians_65.png
20232,Dudu,1012,Palmeiras,68920.0,Eduardo Pereira Rodrigues,Dudu,https://s.glbimg.com/es/sde/f/2022/02/21/f77c90a60a3c8354d3235d1b61be9208_140x140.png,Palmeiras,https://s.glbimg.com/es/sde/f/organizacoes/2014/04/14/palmeiras_60x60.png
20232,Dudu,1012,Palmeiras,97133.0,Luís Eduardo Marques dos Santos,Dudu,https://s.glbimg.com/es/sde/f/2022/03/03/b0bce50f61a2478463da6058f9be7677_140x140.png,Atlético-GO,https://s.glbimg.com/es/sde/f/organizacoes/2020/07/02/atletico-go-2020-65.png
10617,Marcos Rocha,1012,Palmeiras,63013.0,Marcos Luis Rocha Aquino,Marcos Rocha,https://s.glbimg.com/es/sde/f/2022/02/21/b5c3422a508001c1776995c43b20fdff_140x140.png,Palmeiras,https://s.glbimg.com/es/sde/f/organizacoes/2014/04/14/palmeiras_60x60.png
56954,Raphael Veiga,1012,Palmeiras,94509.0,Raphael Cavalcante Veiga,Raphael Veiga,https://s.glbimg.com/es/sde/f/2022/02/21/edbc22b64b00c1cd70870abf8d429ffd_140x140.png,Palmeiras,https://s.glbimg.com/es/sde/f/organizacoes/2014/04/14/palmeiras_60x60.png
16658,Rony,1012,Palmeiras,91607.0,Ronielson da Silva Barbosa,Rony,https://s.glbimg.com/es/sde/f/2022/02/21/a09a417ce482ea35a6c54e89437850d4_140x140.png,Palmeiras,https://s.glbimg.com/es/sde/f/organizacoes/2014/04/14/palmeiras_60x60.png
80693,Danilo,1012,Palmeiras,107231.0,Danilo dos Santos de Oliveira,Danilo,https://s.glbimg.com/es/sde/f/2022/02/21/db630d6c2cb9309ad6f0f77ad6f1d408_140x140.png,Palmeiras,https://s.glbimg.com/es/sde/f/organizacoes/2014/04/14/palmeiras_60x60.png
18204,Marcelo Lomba,1012,Palmeiras,68872.0,Marcelo Lomba do Nascimento,Marcelo Lomba,https://s.glbimg.com/es/sde/f/2022/02/21/bd515cd514deb5197bb2faa8a721c8f7_140x140.png,Palmeiras,https://s.glbimg.com/es/sde/f/organizacoes/2014/04/14/palmeiras_60x60.png
50804,Gustavo Scarpa,1012,Palmeiras,87999.0,Gustavo Henrique Furtado Scarpa,Gustavo Scarpa,https://s.glbimg.com/es/sde/f/2022/02/21/7f4f870f8251e4f95ab6d372a22919c1_140x140.png,Palmeiras,https://s.glbimg.com/es/sde/f/organizacoes/2014/04/14/palmeiras_60x60.png
58483,Jailson,1012,Palmeiras,72290.0,Jailson Marcelino dos Santos,Jailson,https://s.glbimg.com/es/sde/f/2022/02/25/89f6931decc893fa4555b93c4a37fe22_140x140.png,América-MG,https://s.glbimg.com/es/sde/f/organizacoes/2019/02/28/escudo65_1.png
58483,Jailson,1012,Palmeiras,90290.0,Jaílson Marques Siqueira,Jailson,https://s.glbimg.com/es/sde/f/2022/02/21/959fdcde3ba551592e0b385a5bf68f88_140x140.png,Palmeiras,https://s.glbimg.com/es/sde/f/organizacoes/2014/04/14/palmeiras_60x60.png
80548,Gabriel Menino,1012,Palmeiras,103767.0,Gabriel Vinícius Menino,Gabriel Menino,https://s.glbimg.com/es/sde/f/2022/02/21/70a1d9b700a17145850b034cd6c9a885_140x140.png,Palmeiras,https://s.glbimg.com/es/sde/f/organizacoes/2014/04/14/palmeiras_60x60.png
63658,Breno Lopes,1012,Palmeiras,93988.0,Breno Henrique Vasconcelos Lopes,Breno Lopes,https://s.glbimg.com/es/sde/f/2022/02/21/f3177c4beb3de9d57baca6e7e2771a8f_140x140.png,Palmeiras,https://s.glbimg.com/es/sde/f/organizacoes/2014/04/14/palmeiras_60x60.png
75281,Gabriel Veron,1012,Palmeiras,103764.0,Gabriel Veron Fonseca de Souza,Gabriel Veron,https://s.glbimg.com/es/sde/f/2022/02/21/a322d0e4be6bcead1440daebb01261cd_140x140.png,Palmeiras,https://s.glbimg.com/es/sde/f/organizacoes/2014/04/14/palmeiras_60x60.png
52092,Deyverson,1012,Palmeiras,92708.0,Deyverson Brum Silva Acosta,Deyverson,https://s.glbimg.com/es/sde/f/2022/02/21/8b7339759037184ae7b92a8534a3cb6f_140x140.png,Palmeiras,https://s.glbimg.com/es/sde/f/organizacoes/2014/04/14/palmeiras_60x60.png
73265,Lucas Braga,1011,Santos,99119.0,Lucas Braga Ribeiro,Lucas Braga,https://s.glbimg.com/es/sde/f/2022/03/03/a3607db4d71e6018951bfe51c702fb1a_140x140.png,Santos,https://s.glbimg.com/es/sde/f/organizacoes/2014/04/14/santos_60x60.png
50733,João Paulo,1011,Santos,85425.0,João Paulo Silva Martins,João Paulo,https://s.glbimg.com/es/sde/f/2022/03/03/9edc82b201e12a2a0b8dba4d87004195_140x140.png,Santos,https://s.glbimg.com/es/sde/f/organizacoes/2014/04/14/santos_60x60.png
50733,João Paulo,1011,Santos,71602.0,João Paulo Gomes da Costa,João Paulo,https://s.glbimg.com/es/sde/f/2021/06/04/71c98de1e3ed4f97ef1a68c10b697126_140x140.png,América-MG,https://s.glbimg.com/es/sde/f/organizacoes/2019/02/28/escudo65_1.png
50864,Eduardo Bauermann,1011,Santos,86970.0,Eduardo Gabriel dos Santos Bauermann,Eduardo Bauermann,https://s.glbimg.com/es/sde/f/2022/03/03/c89e866fa7fb43aaf3b818e5578644d5_140x140.png,Santos,https://s.glbimg.com/es/sde/f/organizacoes/2014/04/14/santos_60x60.png
42680,Luiz Felipe,1011,Santos,79035.0,Luiz Felipe do Nascimento dos Santos,Luiz Felipe,https://s.glbimg.com/es/sde/f/2022/03/03/d93506f46370622558870dd37ada6bb5_140x140.png,Santos,https://s.glbimg.com/es/sde/f/organizacoes/2014/04/14/santos_60x60.png
20771,Camacho,1011,Santos,68770.0,Guilherme de Aguiar Camacho,Camacho,https://s.glbimg.com/es/sde/f/2022/03/03/44a5a0d1669b56e3bc607727595c4751_140x140.png,Santos,https://s.glbimg.com/es/sde/f/organizacoes/2014/04/14/santos_60x60.png
84138,Marcos Leonardo,1011,Santos,109497.0,Marcos Leonardo Santos Almeida,Marcos Leonardo,https://s.glbimg.com/es/sde/f/2022/03/03/70c0680cfe4346861b4db5ebeba1fdbd_140x140.png,Santos,https://s.glbimg.com/es/sde/f/organizacoes/2014/04/14/santos_60x60.png
33874,Madson,1011,Santos,78077.0,Madson Ferreira dos Santos,Madson,https://s.glbimg.com/es/sde/f/2022/03/03/e89e5811b9812fca6a75789451815b9e_140x140.png,Santos,https://s.glbimg.com/es/sde/f/organizacoes/2014/04/14/santos_60x60.png
84993,Gabriel Pirani,1011,Santos,110607.0,Gabriel Cordeiro Pirani,Gabriel Pirani,https://s.glbimg.com/es/sde/f/2022/03/03/8a759e93476df07994bba444f880a615_140x140.png,Santos,https://s.glbimg.com/es/sde/f/organizacoes/2014/04/14/santos_60x60.png
46147,Marcos Guilherme,1011,Santos,83266.0,Marcos Guilherme de Almeida Santos Matos,Marcos Guilherme,https://s.glbimg.com/es/sde/f/2022/03/03/56fa9c7a8cc8db7fbbfae5c4de39b4c5_140x140.png,Santos,https://s.glbimg.com/es/sde/f/organizacoes/2014/04/14/santos_60x60.png
84888,Ângelo,1011,Santos,110415.0,Ângelo Gabriel Borges Damaceno,Ângelo,https://s.glbimg.com/es/sde/f/2022/03/03/e0ca88eb8ab327b605082617a24e69fc_140x140.png,Santos,https://s.glbimg.com/es/sde/f/organizacoes/2014/04/14/santos_60x60.png
76149,Bruno Oliveira,1011,Santos,103996.0,Bruno Felipe Oliveira,Bruno Oliveira,https://s.glbimg.com/es/sde/f/2022/03/03/2c935920c010d4b1c62eafcc3fa72249_140x140.png,Santos,https://s.glbimg.com/es/sde/f/organizacoes/2014/04/14/santos_60x60.png
84983,Dudu,1382,Botafogo,68920.0,Eduardo Pereira Rodrigues,Dudu,https://s.glbimg.com/es/sde/f/2022/02/21/f77c90a60a3c8354d3235d1b61be9208_140x140.png,Palmeiras,https://s.glbimg.com/es/sde/f/organizacoes/2014/04/14/palmeiras_60x60.png
84983,Dudu,1382,Botafogo,97133.0,Luís Eduardo Marques dos Santos,Dudu,https://s.glbimg.com/es/sde/f/2022/03/03/b0bce50f61a2478463da6058f9be7677_140x140.png,Atlético-GO,https://s.glbimg.com/es/sde/f/organizacoes/2020/07/02/atletico-go-2020-65.png
75298,Marlon,1382,Botafogo,91706.0,Marlon Rodrigues Xavier,Marlon,https://s.glbimg.com/es/sde/f/2022/02/24/56ce5e779fc69c1a78f5c80ff21546ba_140x140.png,Fluminense,https://s.glbimg.com/es/sde/f/organizacoes/2014/04/14/fluminense_60x60.png
75298,Marlon,1382,Botafogo,88427.0,Marlon Adriano Prezotti,Marlon,https://s.glbimg.com/es/sde/f/2022/02/22/6a2bbacef0075d8ba94b8dcd2136ccde_140x140.png,Ceará,https://s.glbimg.com/es/sde/f/organizacoes/2019/10/10/ceara-65x65.png
70707,Gabriel Sara,1007,São Paulo,100763.0,Gabriel Davi Gomes Sara,Gabriel Sara,https://s.glbimg.com/es/sde/f/2022/03/01/b98717b5d5b0fef1f3992ca77376aa46_140x140.png,São Paulo,https://s.glbimg.com/es/sde/f/organizacoes/2014/04/14/sao_paulo_60x60.png
37244,Reinaldo,1007,São Paulo,78850.0,Reinaldo Manoel da Silva,Reinaldo,https://s.glbimg.com/es/sde/f/2022/03/01/779ff87d6723d6c70d7caac56df86d5f_140x140.png,São Paulo,https://s.glbimg.com/es/sde/f/organizacoes/2014/04/14/sao_paulo_60x60.png
50801,Léo,1007,São Paulo,85626.0,Leonardo Pinheiro da Conceição,Léo,https://s.glbimg.com/es/sde/f/2022/03/01/7be60e39236cf34421178ed1ea9b2145_140x140.png,São Paulo,https://s.glbimg.com/es/sde/f/organizacoes/2014/04/14/sao_paulo_60x60.png
10138,Rafinha,1007,São Paulo,38144.0,Márcio Rafael Ferreira de Souza,Rafinha,https://s.glbimg.com/es/sde/f/2022/03/01/de7df71bb9091a8547f8d8bd0212b549_140x140.png,São Paulo,https://s.glbimg.com/es/sde/f/organizacoes/2014/04/14/sao_paulo_60x60.png
37715,Alisson,1007,São Paulo,81845.0,Alisson Euler de Freitas Castro,Alisson,https://s.glbimg.com/es/sde/f/2022/03/01/14ebdbca4e280cd9dfdb9b7e2148afe0_140x140.png,São Paulo,https://s.glbimg.com/es/sde/f/organizacoes/2014/04/14/sao_paulo_60x60.png
31933,Nikão,1007,São Paulo,69705.0,Maycon Vinícius Ferreira da Cruz,Nikão,https://s.glbimg.com/es/sde/f/2022/03/01/6a7ca5b138f4ff481ca19603933a7507_140x140.png,São Paulo,https://s.glbimg.com/es/sde/f/organizacoes/2014/04/14/sao_paulo_60x60.png
72472,Diego,1007,São Paulo,101027.0,Jackson Diego Ibrahim Fagundes,Diego,https://s.glbimg.com/es/sde/f/2022/03/10/fb1b4d53c6475f4e02123bf33a52a0c2_140x140.png,Goiás,https://s.glbimg.com/es/sde/f/organizacoes/2021/03/01/goias-65.png
72472,Diego,1007,São Paulo,38909.0,Diego Ribas da Cunha,Diego,https://s.glbimg.com/es/sde/f/2022/03/03/1dccbd8c308ee01a18acf212ed6aaf90_140x140.png,Flamengo,https://s.glbimg.com/es/sde/f/organizacoes/2018/04/09/Flamengo-65.png
72472,Diego,1007,São Paulo,101728.0,Diego Henrique Costa Barbosa,Diego,https://s.glbimg.com/es/sde/f/2022/03/01/996cbc8d639a3e640cf55d5326393d6d_140x140.png,São Paulo,https://s.glbimg.com/es/sde/f/organizacoes/2014/04/14/sao_paulo_60x60.png
27720,Tiago Volpi,1007,São Paulo,72018.0,Tiago Luis Volpi,Tiago Volpi,https://s.glbimg.com/es/sde/f/2021/05/01/8494cb754a172f12970b212b1bce9535_140x140.png,São Paulo,https://s.glbimg.com/es/sde/f/organizacoes/2014/04/14/sao_paulo_60x60.png
80073,Wellington,1007,São Paulo,62129.0,Wellington Aparecido Martins,Wellington,https://s.glbimg.com/es/sde/f/2021/08/19/40de7052f9c8eab98bb9d829f3a7890c_140x140.png,Fluminense,https://s.glbimg.com/es/sde/f/organizacoes/2014/04/14/fluminense_60x60.png
75093,Rodrigo Nestor,1007,São Paulo,106822.0,Rodrigo Nestor Bertalia,Rodrigo Nestor,https://s.glbimg.com/es/sde/f/2022/03/01/70f9ba85a01525e2d77c787e7efb42f7_140x140.png,São Paulo,https://s.glbimg.com/es/sde/f/organizacoes/2014/04/14/sao_paulo_60x60.png
42420,Patrick,1007,São Paulo,83433.0,Patrick Bezerra do Nascimento,Patrick,https://s.glbimg.com/es/sde/f/2022/03/01/6ebefc2dde70dd404af0145a962b55d4_140x140.png,São Paulo,https://s.glbimg.com/es/sde/f/organizacoes/2014/04/14/sao_paulo_60x60.png
87214,Marquinhos,1007,São Paulo,102292.0,Marcos Vinícius Sousa Natividade,Marquinhos,https://s.glbimg.com/es/sde/f/2022/02/23/d01325a4162f7cf8ab6ded0b51a5c48c_140x140.png,Cuiabá,https://s.glbimg.com/es/sde/f/organizacoes/2014/04/16/cuiaba65.png
87214,Marquinhos,1007,São Paulo,113158.0,Marcus Vinícius Oliveira Alencar,Marquinhos,https://s.glbimg.com/es/sde/f/2021/07/22/1a77be713031951034d96c375842ff0f_140x140.png,São Paulo,https://s.glbimg.com/es/sde/f/organizacoes/2014/04/14/sao_paulo_60x60.png
57635,Éder,1007,São Paulo,91203.0,Éder Ferreira Graminho,Éder,https://s.glbimg.com/es/sde/f/2022/02/24/e0b5f4c6647fe1b42922ddb4458dade0_140x140.png,América-MG,https://s.glbimg.com/es/sde/f/organizacoes/2019/02/28/escudo65_1.png
14545,Fagner,1004,Corinthians,42500.0,Fagner Conserva Lemos,Fagner,https://s.glbimg.com/es/sde/f/2021/08/06/1dbfc9287c7d5ed6dcd220b9228fc055_140x140.png,Corinthians,https://s.glbimg.com/es/sde/f/organizacoes/2019/09/30/Corinthians_65.png
19043,Gil,1004,Corinthians,68923.0,Carlos Gilberto do Nascimento Silva,Gil,https://s.glbimg.com/es/sde/f/2021/08/06/4139875768caeb6b0b660c71a65008f5_140x140.png,Corinthians,https://s.glbimg.com/es/sde/f/organizacoes/2019/09/30/Corinthians_65.png
63776,Du Queiroz,1004,Corinthians,113687.0,Eduardo Santos Queiroz,Du Queiroz,https://s.glbimg.com/es/sde/f/2022/02/22/44a9c4e66d123fb67fcfbaf941e40119_140x140.png,Corinthians,https://s.glbimg.com/es/sde/f/organizacoes/2019/09/30/Corinthians_65.png
33560,Cássio,1004,Corinthians,42234.0,Cássio Roberto Ramos,Cássio,https://s.glbimg.com/es/sde/f/2022/02/22/346562c71804cbbf662b6110f942b41c_140x140.png,Corinthians,https://s.glbimg.com/es/sde/f/organizacoes/2019/09/30/Corinthians_65.png
71348,Lucas Piton,1004,Corinthians,105584.0,Lucas Piton Crivellaro,Lucas Piton,https://s.glbimg.com/es/sde/f/2021/08/06/3f01d0177895810aef5d3bedd7a25128_140x140.png,Corinthians,https://s.glbimg.com/es/sde/f/organizacoes/2019/09/30/Corinthians_65.png
71726,João Victor,1004,Corinthians,104250.0,João Victor da Silva Marcelino,João Victor,https://s.glbimg.com/es/sde/f/2021/08/06/2ad4f10146673233d9d0dcb117cd81b9_140x140.png,Corinthians,https://s.glbimg.com/es/sde/f/organizacoes/2019/09/30/Corinthians_65.png
18244,Giuliano,1004,Corinthians,51548.0,Giuliano Victor de Paula,Giuliano,https://s.glbimg.com/es/sde/f/2021/07/22/1e8808fa091e5d4062730e04ed46b383_140x140.png,Corinthians,https://s.glbimg.com/es/sde/f/organizacoes/2019/09/30/Corinthians_65.png
12866,Willian,1004,Corinthians,42116.0,Willian Gomes de Siqueira,Willian,https://s.glbimg.com/es/sde/f/2022/02/24/79c62366edb8a36ed104c73a2f413a3e_140x140.png,Fluminense,https://s.glbimg.com/es/sde/f/organizacoes/2014/04/14/fluminense_60x60.png
12866,Willian,1004,Corinthians,42135.0,Willian Borges da Silva,Willian,https://s.glbimg.com/es/sde/f/2021/09/09/58cf865acea9ec10e49e06337c7e7d4d_140x140.png,Corinthians,https://s.glbimg.com/es/sde/f/organizacoes/2019/09/30/Corinthians_65.png
32031,Renato Augusto,1004,Corinthians,38398.0,Renato Soares de Oliveira Augusto,Renato Augusto,https://s.glbimg.com/es/sde/f/2021/08/06/35684e60fd3427c98c6ffec1cb51d7d5_140x140.png,Corinthians,https://s.glbimg.com/es/sde/f/organizacoes/2019/09/30/Corinthians_65.png
75270,Gustavo Mantuan,1004,Corinthians,110270.0,Gustavo Mantuan,Gustavo Mantuan,https://s.glbimg.com/es/sde/f/2021/08/06/7eb5c5b1e5131db15df017abd219e20e_140x140.png,Corinthians,https://s.glbimg.com/es/sde/f/organizacoes/2019/09/30/Corinthians_65.png
72241,Gustavo Mosquito,1004,Corinthians,97450.0,Gustavo Henric da Silva,Gustavo Mosquito,https://s.glbimg.com/es/sde/f/2021/08/06/3fd9ca2e9488e4973c5694dc7e48d5d4_140x140.png,Corinthians,https://s.glbimg.com/es/sde/f/organizacoes/2019/09/30/Corinthians_65.png
35314,Paulinho,1004,Corinthians,69034.0,José Paulo Bezerra Maciel Júnior,Paulinho,https://s.glbimg.com/es/sde/f/2022/02/22/b7da1683ff41ffb17a22a301f538ac44_140x140.png,Corinthians,https://s.glbimg.com/es/sde/f/organizacoes/2019/09/30/Corinthians_65.png
81161,Gabriel Pereira,1004,Corinthians,109588.0,Gabriel Pereira dos Santos,Gabriel Pereira,https://s.glbimg.com/es/sde/f/2021/08/06/ce3b05d4b17909aee62a997d20bc7edc_140x140.png,Corinthians,https://s.glbimg.com/es/sde/f/organizacoes/2019/09/30/Corinthians_65.png
84027,Raul Gustavo,1004,Corinthians,109389.0,Raul Gustavo Pereira Bicalho,Raul Gustavo,https://s.glbimg.com/es/sde/f/2021/08/06/55cc334567f77756cdcb3eb74493cf3f_140x140.png,Corinthians,https://s.glbimg.com/es/sde/f/organizacoes/2019/09/30/Corinthians_65.png
10126,Fábio Santos,1004,Corinthians,38229.0,Fábio Santos Romeu,Fábio Santos,https://s.glbimg.com/es/sde/f/2021/08/06/cc510671e18768fd48ef8d0f7c4714db_140x140.png,Corinthians,https://s.glbimg.com/es/sde/f/organizacoes/2019/09/30/Corinthians_65.png
80635,Matheus Donelli,1004,Corinthians,107179.0,Matheus Planelles Donelli,Matheus Donelli,https://s.glbimg.com/es/sde/f/2022/02/22/7e47717a04c97d5b9147cc2df6f33eb7_140x140.png,Corinthians,https://s.glbimg.com/es/sde/f/organizacoes/2019/09/30/Corinthians_65.png
71347,Adson,1004,Corinthians,111682.0,Adson Ferreira Soares,Adson,https://s.glbimg.com/es/sde/f/2021/08/06/dc04d6dc48552ef1f7f6c5d5c5ad29a0_140x140.png,Corinthians,https://s.glbimg.com/es/sde/f/organizacoes/2019/09/30/Corinthians_65.png
50674,Luan,1004,Corinthians,80692.0,Luan Garcia Teixeira,Luan,https://s.glbimg.com/es/sde/f/2022/02/21/c6c7b2c98c560509a3d86811257b9a72_140x140.png,Palmeiras,https://s.glbimg.com/es/sde/f/organizacoes/2014/04/14/palmeiras_60x60.png
50674,Luan,1004,Corinthians,63219.0,Luan Madson Gedeão De Paiva,Luan,https://s.glbimg.com/es/sde/f/2022/03/10/4d4105d21e940f2196411712809490b4_140x140.png,Goiás,https://s.glbimg.com/es/sde/f/organizacoes/2021/03/01/goias-65.png
50674,Luan,1004,Corinthians,102909.0,Luan Vinícius da Silva Santos ,Luan,https://s.glbimg.com/es/sde/f/2022/03/01/6b4e62b423e7b34762e0c7f626ea5ebd_140x140.png,São Paulo,https://s.glbimg.com/es/sde/f/organizacoes/2014/04/14/sao_paulo_60x60.png
50674,Luan,1004,Corinthians,86759.0,Luan Guilherme de Jesus Vieira,Luan,https://s.glbimg.com/es/sde/f/2021/08/06/328c913e6c5fb79d1eb23f608c77e539_140x140.png,Corinthians,https://s.glbimg.com/es/sde/f/organizacoes/2019/09/30/Corinthians_65.png
39299,Gabriel,1004,Corinthians,83257.0,Gabriel Barbosa Almeida,Gabriel,https://s.glbimg.com/es/sde/f/2022/03/03/f347648036a61ed38e631faf7be83967_140x140.png,Flamengo,https://s.glbimg.com/es/sde/f/organizacoes/2018/04/09/Flamengo-65.png
39299,Gabriel,1004,Corinthians,78605.0,Gabriel Girotto Franco,Gabriel,https://s.glbimg.com/es/sde/f/2022/02/22/db2710e615eb2e1e4d3455dd6e37b0ab_140x140.png,Internacional,https://s.glbimg.com/es/sde/f/organizacoes/2016/05/03/inter65.png
39299,Gabriel,1004,Corinthians,98976.0,Gabriel Neves Perdomo,Gabriel,https://s.glbimg.com/es/sde/f/2022/03/01/adf4c737eb27b74c772b8985d18c9044_140x140.png,São Paulo,https://s.glbimg.com/es/sde/f/organizacoes/2014/04/14/sao_paulo_60x60.png
69281,Joaquín Piquerez,1012,Palmeiras,102130,Joaquín Piquerez Moreira,Piquerez,https://s.glbimg.com/es/sde/f/2022/02/21/82bd262ef647de7255e8df06fdd8e3f2_140x140.png,Palmeiras,https://s.glbimg.com/es/sde/f/organizacoes/2014/04/14/palmeiras_60x60.png
43888,Emiliano Velázquez,1011,Santos,90012,Emiliano Daniel Velázquez Maldonado,Velázquez,https://s.glbimg.com/es/sde/f/2022/03/03/8b5a4e18b5c35f49a52903d7b8193346_140x140.png,Santos,https://s.glbimg.com/es/sde/f/organizacoes/2014/04/14/santos_60x60.png
75131,Vinicius Zanocelo,1011,Santos,104521,Vinícius Nelson de Souza Zanocelo,Vinícius Zanocelo,https://s.glbimg.com/es/sde/f/2022/03/03/5ec6c9924511913e6d0657f591187ca0_140x140.png,Santos,https://s.glbimg.com/es/sde/f/organizacoes/2014/04/14/santos_60x60.png
72546,Vinicius Balieiro,1011,Santos,110605,Vinícius Balieiro Lourenço de Carvalho,Vinícius Balieiro,https://s.glbimg.com/es/sde/f/2022/03/03/d8455afbc745b2638a289c64ff3b1231_140x140.png,Santos,https://s.glbimg.com/es/sde/f/organizacoes/2014/04/14/santos_60x60.png
37253,Diego Guerra,1382,Botafogo,99430,Diego Terra Loureiro,Diego Loureiro,https://s.glbimg.com/es/sde/f/2022/02/21/8d8bf0e2d048df5b25e486bdf7c64eec_140x140.png,Botafogo,https://s.glbimg.com/es/sde/f/organizacoes/2019/02/04/botafogo-65.png
20100,Rafael Tavares,1382,Botafogo,70171,Rafael Pereira da Silva,Rafael,https://s.glbimg.com/es/sde/f/2022/02/21/505b1bf76a770e85404c4bca2e727eee_140x140.png,Botafogo,https://s.glbimg.com/es/sde/f/organizacoes/2019/02/04/botafogo-65.png
29320,Fillipe Soutto,1382,Botafogo,87808,Philipe Sampaio Azevedo,Philipe Sampaio,https://s.glbimg.com/es/sde/f/2022/03/10/0b9c95c7f9a5612681798da7797e3cec_140x140.png,Botafogo,https://s.glbimg.com/es/sde/f/organizacoes/2019/02/04/botafogo-65.png
65256,Mantuan,1382,Botafogo,98484,Victor Hugo Soares dos Santos,Kanu,https://s.glbimg.com/es/sde/f/2022/02/21/b1d2b6ae7d7c80be4768237f4820792b_140x140.png,Botafogo,https://s.glbimg.com/es/sde/f/organizacoes/2019/02/04/botafogo-65.png
33851,Matheus Carvalho,1382,Botafogo,109114,Matheus Nascimento de Paula,Matheus Nascimento,https://s.glbimg.com/es/sde/f/2022/02/21/e418df52ba2f53e2edcd3d07b685533c_140x140.png,Botafogo,https://s.glbimg.com/es/sde/f/organizacoes/2019/02/04/botafogo-65.png
48981,Jonathan Calleri,1007,São Paulo,89840,Jonathan Calleri,Calleri,https://s.glbimg.com/es/sde/f/2022/03/01/3abaa943f1546750dd057d6cb3559ce5_140x140.png,São Paulo,https://s.glbimg.com/es/sde/f/organizacoes/2014/04/14/sao_paulo_60x60.png
48382,Emiliano Rigoni,1007,São Paulo,96684,Emiliano Ariel Rigoni,Rigoni,https://s.glbimg.com/es/sde/f/2022/03/01/f8d5029ee4e43d0050ec116c23af5c56_140x140.png,São Paulo,https://s.glbimg.com/es/sde/f/organizacoes/2014/04/14/sao_paulo_60x60.png
39246,Roger Guedes,1004,Corinthians,89898,Róger Krug Guedes,Róger Guedes,https://s.glbimg.com/es/sde/f/2021/11/12/4a05bdeb95f4e052f5e4d6bc9e844fa2_140x140.png,Corinthians,https://s.glbimg.com/es/sde/f/organizacoes/2019/09/30/Corinthians_65.png
