idPlayer,nomePlayer,team_id,team_name,atleta_id,nome,apelido,foto,clube_nome,escudos_foto
22746,Fred,1006,Fluminense,38162.0,Frederico Chaves Guedes,Fred,https://s.glbimg.com/es/sde/f/2021/08/19/c945ae80ae611c6862eef1fc338ddba6_140x140.png,Fluminense,https://s.glbimg.com/es/sde/f/organizacoes/2014/04/14/fluminense_60x60.png
46519,Yago Felipe,1006,Fluminense,87747.0,Yago Felipe da Costa Rocha,Yago Felipe,https://s.glbimg.com/es/sde/f/2021/08/19/2b441a5ae5e2c5a70dff58e79500c7ab_140x140.png,Fluminense,https://s.glbimg.com/es/sde/f/organizacoes/2014/04/14/fluminense_60x60.png
88911,Cristiano,1006,Fluminense,89668.0,Cristiano da Silva Leite ,Cristiano,https://s.glbimg.com/es/sde/f/2022/02/24/8fb43cd4c4ebb6cd5ac890a7feafc838_140x140.png,Fluminense,https://s.glbimg.com/es/sde/f/organizacoes/2014/04/14/fluminense_60x60.png
50597,Marcos Felipe,1006,Fluminense,85004.0,Marcos Felipe de Freitas Monteiro,Marcos Felipe,https://s.glbimg.com/es/sde/f/2021/08/19/35c8568b7efec2aed4607723d255050e_140x140.png,Fluminense,https://s.glbimg.com/es/sde/f/organizacoes/2014/04/14/fluminense_60x60.png
41723,Felipe Melo,1006,Fluminense,38545.0,Felipe Melo de Carvalho,Felipe Melo,https://s.glbimg.com/es/sde/f/2022/02/24/ae51c505f4d9ceba09c22ba954cca2bf_140x140.png,Fluminense,https://s.glbimg.com/es/sde/f/organizacoes/2014/04/14/fluminense_60x60.png
55166,Nino,1006,Fluminense,91708.0,Marcílio Florêncio Mota Filho,Nino,https://s.glbimg.com/es/sde/f/2021/08/19/015b905d655d90af1c6161f318175dee_140x140.png,Fluminense,https://s.glbimg.com/es/sde/f/organizacoes/2014/04/14/fluminense_60x60.png
15553,David Braz,1006,Fluminense,50317.0,David Braz de Oliveira Filho,David Braz,https://s.glbimg.com/es/sde/f/2021/08/19/32341d7b86eabffdedca59aeb3f823ba_140x140.png,Fluminense,https://s.glbimg.com/es/sde/f/organizacoes/2014/04/14/fluminense_60x60.png
28203,Samuel Xavier,1006,Fluminense,73384.0,Samuel Xavier Brito,Samuel Xavier,https://s.glbimg.com/es/sde/f/2021/08/19/9a7d9e6cdec4404f9c27ca38ffaf4f19_140x140.png,Fluminense,https://s.glbimg.com/es/sde/f/organizacoes/2014/04/14/fluminense_60x60.png
73738,Nathan,1006,Fluminense,102667.0,Nathan Uilian Fogaça,Nathan,https://s.glbimg.com/es/sde/f/2022/02/23/e51cf941b53a0829873eaaf84d21af25_140x140.png,Coritiba,https://s.glbimg.com/es/sde/f/organizacoes/2017/03/29/coritiba65.png
73738,Nathan,1006,Fluminense,87009.0,Nathan Allan de Souza,Nathan,https://s.glbimg.com/es/sde/f/2022/02/24/5b24dcfd0bacc2f53b4b9499b289f22f_140x140.png,Fluminense,https://s.glbimg.com/es/sde/f/organizacoes/2014/04/14/fluminense_60x60.png
13180,Willian,1006,Fluminense,42116.0,Willian Gomes de Siqueira,Willian,https://s.glbimg.com/es/sde/f/2022/02/24/79c62366edb8a36ed104c73a2f413a3e_140x140.png,Fluminense,https://s.glbimg.com/es/sde/f/organizacoes/2014/04/14/fluminense_60x60.png
13180,Willian,1006,Fluminense,42135.0,Willian Borges da Silva,Willian,https://s.glbimg.com/es/sde/f/2021/09/09/58cf865acea9ec10e49e06337c7e7d4d_140x140.png,Corinthians,https://s.glbimg.com/es/sde/f/organizacoes/2019/09/30/Corinthians_65.png
14326,Cano,1006,Fluminense,79631.0,Germán Ezequiel Cano,Cano,https://s.glbimg.com/es/sde/f/2022/02/24/ebd67d14776321547687f37e46153d21_140x140.png,Fluminense,https://s.glbimg.com/es/sde/f/organizacoes/2014/04/14/fluminense_60x60.png
55867,Caio Paulista,1006,Fluminense,102318.0,Caio Fernando de Oliveira,Caio Paulista,https://s.glbimg.com/es/sde/f/2021/08/19/bcdec5cab4aff5088fd9720cb28734b2_140x140.png,Fluminense,https://s.glbimg.com/es/sde/f/organizacoes/2014/04/14/fluminense_60x60.png
84217,Martinelli,1006,Fluminense,109573.0,Matheus Martinelli Lima,Martinelli,https://s.glbimg.com/es/sde/f/2021/08/19/8c1b030de971d4108fc7d7c18e736df5_140x140.png,Fluminense,https://s.glbimg.com/es/sde/f/organizacoes/2014/04/14/fluminense_60x60.png
74985,Luiz Henrique,1006,Fluminense,109282.0,Luiz Henrique André Rosa da Silva,Luiz Henrique,https://s.glbimg.com/es/sde/f/2021/08/19/131f19bc697057f38a3c8ec99c785a97_140x140.png,Fluminense,https://s.glbimg.com/es/sde/f/organizacoes/2014/04/14/fluminense_60x60.png
74985,Luiz Henrique,1006,Fluminense,104526.0,Luiz Henrique Augustin ,Luiz Henrique,https://s.glbimg.com/es/sde/f/2021/09/01/c56a57935991ac9d0e49006079fde3db_140x140.png,Santos,https://s.glbimg.com/es/sde/f/organizacoes/2014/04/14/santos_60x60.png
80494,Gabriel Noga,1005,Flamengo,107107.0,Gabriel Rodrigues Noga,Gabriel Noga,https://s.glbimg.com/es/sde/f/2022/03/03/72d83e547aedcbde108b1b1530b66200_140x140.png,Flamengo,https://s.glbimg.com/es/sde/f/organizacoes/2018/04/09/Flamengo-65.png
87722,Cleiton,1005,Flamengo,93882.0,Cleiton Schwengber,Cleiton,https://s.glbimg.com/es/sde/f/2022/02/21/c4d7c76ba8761fafc7a17e9da673dc84_140x140.png,Bragantino,https://s.glbimg.com/es/sde/f/organizacoes/2020/01/01/65.png
87722,Cleiton,1005,Flamengo,114790.0,Cleiton Santana dos Santos,Cleiton,https://s.glbimg.com/es/sde/f/2022/03/03/77e8333ca5857863075fe8be5d638cba_140x140.png,Flamengo,https://s.glbimg.com/es/sde/f/organizacoes/2018/04/09/Flamengo-65.png
84653,Lázaro,1005,Flamengo,110193.0,Lázaro Vinicius Marques,Lázaro,https://s.glbimg.com/es/sde/f/2022/03/04/611390db130106197502612466f42273_140x140.png,Flamengo,https://s.glbimg.com/es/sde/f/organizacoes/2018/04/09/Flamengo-65.png
88805,Matheus França,1005,Flamengo,115100.0,Matheus França de Oliveira,Matheus França,https://s.glbimg.com/es/sde/f/2021/11/17/e375e22ba7ed82ff90f63d36e09fd48f_140x140.png,Flamengo,https://s.glbimg.com/es/sde/f/organizacoes/2018/04/09/Flamengo-65.png
87720,Wesley,1005,Flamengo,105811.0,Wesley Ribeiro Silva,Wesley,https://s.glbimg.com/es/sde/f/2022/02/21/0f04dc5dcf192c6975ba1ccb8b6de900_140x140.png,Palmeiras,https://s.glbimg.com/es/sde/f/organizacoes/2014/04/14/palmeiras_60x60.png
85891,Matheus Cunha,1005,Flamengo,111690.0,Matheus Cunha Queiroz,Matheus Cunha,https://s.glbimg.com/es/sde/f/2022/03/04/fe08cea4d131b5eef265a908bb05548b_140x140.png,Flamengo,https://s.glbimg.com/es/sde/f/organizacoes/2018/04/09/Flamengo-65.png
23336,Rafael,1003,Botafogo,68928.0,Rafael Pires Monteiro,Rafael,https://s.glbimg.com/es/sde/f/2021/05/02/7acdbbf5d8b2e088001e85a8071c3249_140x140.png,Atlético-MG,https://s.glbimg.com/es/sde/f/organizacoes/2017/11/23/Atletico-Mineiro-escudo65px.png
23336,Rafael,1003,Botafogo,70171.0,Rafael Pereira da Silva,Rafael,https://s.glbimg.com/es/sde/f/2022/02/21/505b1bf76a770e85404c4bca2e727eee_140x140.png,Botafogo,https://s.glbimg.com/es/sde/f/organizacoes/2019/02/04/botafogo-65.png
45502,Joel Carli,1003,Botafogo,93414.0,Mauro Joel Carli,Joel Carli,https://s.glbimg.com/es/sde/f/2022/02/21/58080d39478afd3809fb90b0aa3d3f8e_140x140.png,Botafogo,https://s.glbimg.com/es/sde/f/organizacoes/2019/02/04/botafogo-65.png
65269,Kanu,1003,Botafogo,98484.0,Victor Hugo Soares dos Santos,Kanu,https://s.glbimg.com/es/sde/f/2022/02/21/b1d2b6ae7d7c80be4768237f4820792b_140x140.png,Botafogo,https://s.glbimg.com/es/sde/f/organizacoes/2019/02/04/botafogo-65.png
81524,Romildo,1003,Botafogo,107972.0,Romildo Del Piage de Souza,Romildo,https://s.glbimg.com/es/sde/f/2022/02/21/a34959446ac5b131b7047f846855f309_140x140.png,Botafogo,https://s.glbimg.com/es/sde/f/organizacoes/2019/02/04/botafogo-65.png
29055,Carlinhos,1003,Botafogo,63194.0,Carlos Emiliano Pereira,Carlinhos,https://s.glbimg.com/es/sde/f/2022/02/21/800bc92dcc8691cf1bb118132ac62fbc_140x140.png,Botafogo,https://s.glbimg.com/es/sde/f/organizacoes/2019/02/04/botafogo-65.png
56368,Diego Gonçalves,1003,Botafogo,90540.0,Diego Gonçalves,Diego Gonçalves,https://s.glbimg.com/es/sde/f/2022/02/21/9f275ce14e02c8b8be4c38953dda7e07_140x140.png,Botafogo,https://s.glbimg.com/es/sde/f/organizacoes/2019/02/04/botafogo-65.png
39207,Fabinho,1003,Botafogo,80393.0,Fábio Gonçalves,Fabinho,https://s.glbimg.com/es/sde/f/2022/02/21/19e529c7daf69a3ee2e1312a42ce97fd_140x140.png,Botafogo,https://s.glbimg.com/es/sde/f/organizacoes/2019/02/04/botafogo-65.png
39207,Fabinho,1003,Botafogo,111760.0,Fábio Silva de Freitas,Fabinho,https://s.glbimg.com/es/sde/f/2021/05/08/2ef9b9ce1e0f6cdb6db5c4e19367f01f_140x140.png,Palmeiras,https://s.glbimg.com/es/sde/f/organizacoes/2014/04/14/palmeiras_60x60.png
84182,Matheus Nascimento,1003,Botafogo,109114.0,Matheus Nascimento de Paula,Matheus Nascimento,https://s.glbimg.com/es/sde/f/2022/02/21/e418df52ba2f53e2edcd3d07b685533c_140x140.png,Botafogo,https://s.glbimg.com/es/sde/f/organizacoes/2019/02/04/botafogo-65.png
16977,Gatito Fernández,1003,Botafogo,74061.0,Roberto Junior Fernández Torres,Gatito Fernández,https://s.glbimg.com/es/sde/f/2022/02/21/26f8f1373737a7203417427043ada896_140x140.png,Botafogo,https://s.glbimg.com/es/sde/f/organizacoes/2019/02/04/botafogo-65.png
50657,Felipe Ferreira,1003,Botafogo,86749.0,Felipe de Figueiredo Ferreira,Felipe Ferreira,https://s.glbimg.com/es/sde/f/2022/02/21/e6bb81a986dcba9c740f2c8d43ddccd6_140x140.png,Botafogo,https://s.glbimg.com/es/sde/f/organizacoes/2019/02/04/botafogo-65.png
75025,Rikelmi,1003,Botafogo,115558.0,Rikelmi Valentim dos Santos,Rikelmi,https://s.glbimg.com/es/sde/f/2022/02/21/20551ff81ad88eb0a57cf39ffcd66604_140x140.png,Botafogo,https://s.glbimg.com/es/sde/f/organizacoes/2019/02/04/botafogo-65.png
61882,Ronald,1003,Botafogo,98593.0,Ronald Sant'anna Rodrigues,Ronald,https://s.glbimg.com/es/sde/f/2022/02/21/ab021444f8fca6c2493d9e081549b206_140x140.png,Botafogo,https://s.glbimg.com/es/sde/f/organizacoes/2019/02/04/botafogo-65.png
61882,Ronald,1003,Botafogo,100969.0,Ronald dos Santos Lopes,Ronald,https://s.glbimg.com/es/sde/f/2022/02/25/a4d2e8db4c710fb2f2540ef8887642bb_140x140.png,Fortaleza,https://s.glbimg.com/es/sde/f/organizacoes/2021/09/19/65_0000_Fortaleza-2021.png
80920,Daniel Borges,1003,Botafogo,73318.0,Daniel Fortunato Borges,Daniel Borges,https://s.glbimg.com/es/sde/f/2022/02/21/ce4af8aee58d0eef52f479ced5508ab5_140x140.png,Botafogo,https://s.glbimg.com/es/sde/f/organizacoes/2019/02/04/botafogo-65.png
80816,Gomes,1005,Flamengo,107109.0,João Victor Gomes da Silva,Gomes,https://s.glbimg.com/es/sde/f/2022/03/04/6906b62e4b2f2643c2304ac6bb270b29_140x140.png,Flamengo,https://s.glbimg.com/es/sde/f/organizacoes/2018/04/09/Flamengo-65.png
90031,Richard,1005,Flamengo,78851.0,Richard de Oliveira da Costa,Richard,https://s.glbimg.com/es/sde/f/2022/02/22/9d468ebf560bb9e0da9699ba4df38391_140x140.png,Ceará,https://s.glbimg.com/es/sde/f/organizacoes/2019/10/10/ceara-65x65.png
84955,Vitinho,1003,Botafogo,78435.0,Victor Vinícius Coelho dos Santos,Vitinho,https://s.glbimg.com/es/sde/f/2021/05/01/4fafe8587e4964a63ebac8db0a7335c5_140x140.png,Flamengo,https://s.glbimg.com/es/sde/f/organizacoes/2018/04/09/Flamengo-65.png
79670,Breno,1003,Botafogo,106083.0,Breno Washington Rodrigues da Silva,Breno,https://s.glbimg.com/es/sde/f/2022/02/21/596fd08d478ed48cf966b741b09f289e_140x140.png,Botafogo,https://s.glbimg.com/es/sde/f/organizacoes/2019/02/04/botafogo-65.png
82356,Erison,1003,Botafogo,108422.0,Erison Danilo de Souza,Erison,https://s.glbimg.com/es/sde/f/2022/02/21/abf055dfab291f251335494fc009a2c0_140x140.png,Botafogo,https://s.glbimg.com/es/sde/f/organizacoes/2019/02/04/botafogo-65.png
21403,Manoel,1006,Fluminense,69014.0,Manoel Messias Silva Carvalho,Manoel,https://s.glbimg.com/es/sde/f/2021/08/19/3df58560f1422aea6abb6f0864a5c69d_140x140.png,Fluminense,https://s.glbimg.com/es/sde/f/organizacoes/2014/04/14/fluminense_60x60.png
77486,Calegari,1006,Fluminense,104276.0,Lucas Felipe Calegari,Calegari,https://s.glbimg.com/es/sde/f/2021/08/19/b663d44a41eb348f73ebd477e907a8bc_140x140.png,Fluminense,https://s.glbimg.com/es/sde/f/organizacoes/2014/04/14/fluminense_60x60.png
58490,David Duarte,1006,Fluminense,91772.0,David de Duarte Macedo,David Duarte,https://s.glbimg.com/es/sde/f/2022/02/24/3f42def61bc6bfaecea6c0330e2b2122_140x140.png,Fluminense,https://s.glbimg.com/es/sde/f/organizacoes/2014/04/14/fluminense_60x60.png
33921,Luccas Claro,1006,Fluminense,73465.0,Luccas Claro dos Santos,Luccas Claro,https://s.glbimg.com/es/sde/f/2021/08/19/8c50341650843ddc5390dc6070c687ef_140x140.png,Fluminense,https://s.glbimg.com/es/sde/f/organizacoes/2014/04/14/fluminense_60x60.png
10465,Fábio,1006,Fluminense,37656.0,Fábio Deivson Lopes Maciel,Fábio,https://s.glbimg.com/es/sde/f/2022/02/24/56c904be5b9993c05440bdcacbc5a608_140x140.png,Fluminense,https://s.glbimg.com/es/sde/f/organizacoes/2014/04/14/fluminense_60x60.png
20848,Wellington,1006,Fluminense,62129.0,Wellington Aparecido Martins,Wellington,https://s.glbimg.com/es/sde/f/2021/08/19/40de7052f9c8eab98bb9d829f3a7890c_140x140.png,Fluminense,https://s.glbimg.com/es/sde/f/organizacoes/2014/04/14/fluminense_60x60.png
50746,Thiago Maia,1005,Flamengo,89637.0,Thiago Maia Alencar,Thiago Maia,https://s.glbimg.com/es/sde/f/2021/05/01/bccf00f54178b33fc62166bf2de1be12_140x140.png,Flamengo,https://s.glbimg.com/es/sde/f/organizacoes/2018/04/09/Flamengo-65.png
37011,Gustavo Henrique,1005,Flamengo,78248.0,Gustavo Henrique Vernes,Gustavo Henrique,https://s.glbimg.com/es/sde/f/2022/03/04/feadb3c2956f242a334619e5fdfabdd4_140x140.png,Flamengo,https://s.glbimg.com/es/sde/f/organizacoes/2018/04/09/Flamengo-65.png
18895,Marinho,1005,Flamengo,68952.0,Mário Sérgio Santos Costa,Marinho,https://s.glbimg.com/es/sde/f/2022/03/04/41fcb5bbede1bbd151970338810674db_FORMATO.jpeg_140x140.png,Flamengo,https://s.glbimg.com/es/sde/f/organizacoes/2018/04/09/Flamengo-65.png
71759,Matheuzinho,1005,Flamengo,101727.0,Matheus França Silva,Matheuzinho,https://s.glbimg.com/es/sde/f/2021/04/26/7cb890c662126fec1387f731a4c66071_140x140.png,Flamengo,https://s.glbimg.com/es/sde/f/organizacoes/2018/04/09/Flamengo-65.png
72369,Hugo Souza,1005,Flamengo,101574.0,Hugo de Souza Nogueira,Hugo Souza,https://s.glbimg.com/es/sde/f/2022/03/04/f29cb0d7b60a53cf87b5131d4fcf8d45_140x140.png,Flamengo,https://s.glbimg.com/es/sde/f/organizacoes/2018/04/09/Flamengo-65.png
39257,Renê,1005,Flamengo,78445.0,Renê Rodrigues Martins,Renê,https://s.glbimg.com/es/sde/f/2021/05/01/f236bdf56a7ece63fc2911d8635bed6b_140x140.png,Flamengo,https://s.glbimg.com/es/sde/f/organizacoes/2018/04/09/Flamengo-65.png
37375,Vitinho,1005,Flamengo,78435.0,Victor Vinícius Coelho dos Santos,Vitinho,https://s.glbimg.com/es/sde/f/2021/05/01/4fafe8587e4964a63ebac8db0a7335c5_140x140.png,Flamengo,https://s.glbimg.com/es/sde/f/organizacoes/2018/04/09/Flamengo-65.png
55821,Pedro,1005,Flamengo,94583.0,Pedro Guilherme Abreu dos Santos,Pedro,https://s.glbimg.com/es/sde/f/2021/05/01/20b99c4e035a4e82f9278d0931b0528e_140x140.png,Flamengo,https://s.glbimg.com/es/sde/f/organizacoes/2018/04/09/Flamengo-65.png
31960,David Luiz,1005,Flamengo,52827.0,David Luiz Moreira Marinho,David Luiz,https://s.glbimg.com/es/sde/f/2022/03/03/ca29a741b8a5931c84a5772a77232e96_140x140.png,Flamengo,https://s.glbimg.com/es/sde/f/organizacoes/2018/04/09/Flamengo-65.png
38481,Willian Arão,1005,Flamengo,78478.0,Willian Souza Arão da Silva,Willian Arão,https://s.glbimg.com/es/sde/f/2021/05/01/5696091eeba19b79c51d753792490f14_140x140.png,Flamengo,https://s.glbimg.com/es/sde/f/organizacoes/2018/04/09/Flamengo-65.png
37152,Rodinei,1005,Flamengo,73992.0,Rodinei Marcelo de Almeida,Rodinei,https://s.glbimg.com/es/sde/f/2021/11/11/7d0be5ee9dd2ef2474fa545c7e8cd00e_140x140.png,Flamengo,https://s.glbimg.com/es/sde/f/organizacoes/2018/04/09/Flamengo-65.png
17250,Everton Ribeiro,1005,Flamengo,51772.0,Everton Augusto de Barros Ribeiro,Everton Ribeiro,https://s.glbimg.com/es/sde/f/2022/03/03/352b1263ce8ec32b26934320b16d3840_140x140.png,Flamengo,https://s.glbimg.com/es/sde/f/organizacoes/2018/04/09/Flamengo-65.png
35613,Gabriel,1005,Flamengo,83257.0,Gabriel Barbosa Almeida,Gabriel,https://s.glbimg.com/es/sde/f/2022/03/03/f347648036a61ed38e631faf7be83967_140x140.png,Flamengo,https://s.glbimg.com/es/sde/f/organizacoes/2018/04/09/Flamengo-65.png
35613,Gabriel,1005,Flamengo,78605.0,Gabriel Girotto Franco,Gabriel,https://s.glbimg.com/es/sde/f/2022/02/22/db2710e615eb2e1e4d3455dd6e37b0ab_140x140.png,Internacional,https://s.glbimg.com/es/sde/f/organizacoes/2016/05/03/inter65.png
35613,Gabriel,1005,Flamengo,98976.0,Gabriel Neves Perdomo,Gabriel,https://s.glbimg.com/es/sde/f/2022/03/01/adf4c737eb27b74c772b8985d18c9044_140x140.png,São Paulo,https://s.glbimg.com/es/sde/f/organizacoes/2014/04/14/sao_paulo_60x60.png
55164,Barreto,1003,Botafogo,89224.0,Gustavo Bonatto Barreto,Barreto,https://s.glbimg.com/es/sde/f/2022/02/21/4f55cd58dba618d9c58695edc5507fcc_140x140.png,Botafogo,https://s.glbimg.com/es/sde/f/organizacoes/2019/02/04/botafogo-65.png
73159,Jonathan Silva,1003,Botafogo,102597.0,Jonathan Silva Vieira,Jonathan Silva,https://s.glbimg.com/es/sde/f/2022/02/21/6e4a3c5ef09ca42e9212c2aabf9392ed_140x140.png,Botafogo,https://s.glbimg.com/es/sde/f/organizacoes/2019/02/04/botafogo-65.png
72273,Léo Pereira,1005,Flamengo,106681.0,Leonardo Augusto dos Santos Pereira,Léo Pereira,https://s.glbimg.com/es/sde/f/2022/03/03/b6e2734629454f1ee92d354283343741_140x140.png,Atlético-GO,https://s.glbimg.com/es/sde/f/organizacoes/2020/07/02/atletico-go-2020-65.png
72273,Léo Pereira,1005,Flamengo,83528.0,Leonardo Pereira,Léo Pereira,https://s.glbimg.com/es/sde/f/2022/03/04/f8401115c5ce6574f1f6fb8e8cfccee6_140x140.png,Flamengo,https://s.glbimg.com/es/sde/f/organizacoes/2018/04/09/Flamengo-65.png
30097,Filipe Luís,1005,Flamengo,38750.0,Filipe Luís Kasmirski,Filipe Luís,https://s.glbimg.com/es/sde/f/2022/03/03/fdb50448c00fef05036a74c032269980_140x140.png,Flamengo,https://s.glbimg.com/es/sde/f/organizacoes/2018/04/09/Flamengo-65.png
24133,Diego,1005,Flamengo,101027.0,Jackson Diego Ibrahim Fagundes,Diego,https://s.glbimg.com/es/sde/f/2022/03/10/fb1b4d53c6475f4e02123bf33a52a0c2_140x140.png,Goiás,https://s.glbimg.com/es/sde/f/organizacoes/2021/03/01/goias-65.png
24133,Diego,1005,Flamengo,38909.0,Diego Ribas da Cunha,Diego,https://s.glbimg.com/es/sde/f/2022/03/03/1dccbd8c308ee01a18acf212ed6aaf90_140x140.png,Flamengo,https://s.glbimg.com/es/sde/f/organizacoes/2018/04/09/Flamengo-65.png
24133,Diego,1005,Flamengo,101728.0,Diego Henrique Costa Barbosa,Diego,https://s.glbimg.com/es/sde/f/2022/03/01/996cbc8d639a3e640cf55d5326393d6d_140x140.png,São Paulo,https://s.glbimg.com/es/sde/f/organizacoes/2014/04/14/sao_paulo_60x60.png
44098,Arrascaeta,1005,Flamengo,87863.0,Giorgian Daniel de Arrascaeta Benedetti,Arrascaeta,https://s.glbimg.com/es/sde/f/2022/03/03/a391d0fd6a610a912b4e3c043afa2df9_140x140.png,Flamengo,https://s.glbimg.com/es/sde/f/organizacoes/2018/04/09/Flamengo-65.png
54066,Andreas Pereira,1005,Flamengo,89274.0,Andreas Hugo Hoelgebaum Pereira,Andreas Pereira,https://s.glbimg.com/es/sde/f/2022/03/03/40c59abb9f6c36d4b05b496f4b0db755_140x140.png,Flamengo,https://s.glbimg.com/es/sde/f/organizacoes/2018/04/09/Flamengo-65.png
55927,Nonato,1006,Fluminense,100987.0,Gustavo Nonato Santana,Nonato,https://s.glbimg.com/es/sde/f/2021/07/30/7536d1f5782d6ce621dfd8aa405d0e28_140x140.png,Fluminense,https://s.glbimg.com/es/sde/f/organizacoes/2014/04/14/fluminense_60x60.png
55626,Fabrício Bruno,1005,Flamengo,90768.0,Fabrício Bruno Soares de Faria,Fabrício Bruno,https://s.glbimg.com/es/sde/f/2022/03/03/268758269234672c9981a28b831ae5cb_140x140.png,Flamengo,https://s.glbimg.com/es/sde/f/organizacoes/2018/04/09/Flamengo-65.png
19406,Ganso,1006,Fluminense,62977.0,Paulo Henrique Chagas de Lima,Ganso,https://s.glbimg.com/es/sde/f/2021/08/19/92dc3120a13d6091a3fe968b69b9f3ad_140x140.png,Fluminense,https://s.glbimg.com/es/sde/f/organizacoes/2014/04/14/fluminense_60x60.png
90349,João Victor,1003,Botafogo,104250.0,João Victor da Silva Marcelino,João Victor,https://s.glbimg.com/es/sde/f/2021/08/06/2ad4f10146673233d9d0dcb117cd81b9_140x140.png,Corinthians,https://s.glbimg.com/es/sde/f/organizacoes/2019/09/30/Corinthians_65.png
25367,Diego Alves,1005,Flamengo,38509.0,Diego Alves Carreira,Diego Alves,https://s.glbimg.com/es/sde/f/2022/03/03/ebf5983aad74aded51b2bdca5bed278f_140x140.png,Flamengo,https://s.glbimg.com/es/sde/f/organizacoes/2018/04/09/Flamengo-65.png
56675,Bruno Henrique,1005,Flamengo,90285.0,Bruno Henrique Pinto,Bruno Henrique,https://s.glbimg.com/es/sde/f/2022/03/03/5197ca4684cd0d15e482bc6dd94b53f5_140x140.png,Flamengo,https://s.glbimg.com/es/sde/f/organizacoes/2018/04/09/Flamengo-65.png
80803,Chay,1003,Botafogo,104926.0,Chayene Medeiros Oliveira,Chay,https://s.glbimg.com/es/sde/f/2022/02/21/77dcd57801fc7bf714629cf2a521ad76_140x140.png,Botafogo,https://s.glbimg.com/es/sde/f/organizacoes/2019/02/04/botafogo-65.png
85229,Gabriel Teixeira,1006,Fluminense,110760.0,Gabriel Teixeira Aragão,Gabriel Teixeira,https://s.glbimg.com/es/sde/f/2021/08/19/7f7b888c54ceeb4adcc4e914d74846ed_140x140.png,Fluminense,https://s.glbimg.com/es/sde/f/organizacoes/2014/04/14/fluminense_60x60.png
15628,Matheus Ferraz,1006,Fluminense,38632.0,Matheus Ferraz Pereira,Matheus Ferraz,https://s.glbimg.com/es/sde/f/2021/08/19/5d9330133e81e583c73fec9279080e03_140x140.png,Fluminense,https://s.glbimg.com/es/sde/f/organizacoes/2014/04/14/fluminense_60x60.png
22925,Muriel,1006,Fluminense,69041.0,Muriel Gustavo Becker,Muriel,https://s.glbimg.com/es/sde/f/2021/08/19/b89e70804aa497ff4c74e01eadf14b11_140x140.png,Fluminense,https://s.glbimg.com/es/sde/f/organizacoes/2014/04/14/fluminense_60x60.png
80568,Edinho,1006,Fluminense,80193.0,Francisco Edson Moreira da Silva,Edinho,https://s.glbimg.com/es/sde/f/2022/02/24/ab0a229ffab1c71d530343580b4aae32_140x140.png,Fortaleza,https://s.glbimg.com/es/sde/f/organizacoes/2021/09/19/65_0000_Fortaleza-2021.png
65268,Diego Loureiro,1003,Botafogo,99430.0,Diego Terra Loureiro,Diego Loureiro,https://s.glbimg.com/es/sde/f/2022/02/21/8d8bf0e2d048df5b25e486bdf7c64eec_140x140.png,Botafogo,https://s.glbimg.com/es/sde/f/organizacoes/2019/02/04/botafogo-65.png
81495,André Trindade,1006,Fluminense,107498,André Trindade da Costa Neto,André,https://s.glbimg.com/es/sde/f/2021/08/19/45ced472c62a51b673eafd922270bbc5_140x140.png,Fluminense,https://s.glbimg.com/es/sde/f/organizacoes/2014/04/14/fluminense_60x60.png
47917,Mario Pineida,1006,Fluminense,87838,Mario Alberto Pineida Martínez,Pineida,https://s.glbimg.com/es/sde/f/2022/02/24/276aa6ed48cc157820cbf56e845f043f_140x140.png,Fluminense,https://s.glbimg.com/es/sde/f/organizacoes/2014/04/14/fluminense_60x60.png
52144,Luiz Fernando,1003,Botafogo,90715,Luiz Fernando Moraes dos Santos,Luiz Fernando ,https://s.glbimg.com/es/sde/f/2022/02/21/86ed36aefdccf6f7beb80e804acba33d_140x140.png,Botafogo,https://s.glbimg.com/es/sde/f/organizacoes/2019/02/04/botafogo-65.png
82459,Jhon Arias,1006,Fluminense,99815,Jhon Adolfo Arias Andrade,Arias,https://s.glbimg.com/es/sde/f/2021/08/31/0340c9e32a5914738d36712836b267bb_140x140.png,Fluminense,https://s.glbimg.com/es/sde/f/organizacoes/2014/04/14/fluminense_60x60.png
85297,Kayque,1003,Botafogo,90846,Willian Klaus,Klaus,https://s.glbimg.com/es/sde/f/2022/02/21/285efd56a8da13cc59106ef7fcce7c51_140x140.png,Botafogo,https://s.glbimg.com/es/sde/f/organizacoes/2019/02/04/botafogo-65.png
85396,Lucas Mezenga,1003,Botafogo,111713,Lucas de Souza Mombra Rosa,Mezenga,https://s.glbimg.com/es/sde/f/2022/02/21/e36f8b0c42d297654c276a39b86f6e39_140x140.png,Botafogo,https://s.glbimg.com/es/sde/f/organizacoes/2019/02/04/botafogo-65.png
80810,Hugo Neto,1003,Botafogo,109668,Hugo Gonçalves Ferreira Neto,Hugo,https://s.glbimg.com/es/sde/f/2022/02/21/55a04cd7d976a348bbe092c252b13d06_140x140.png,Botafogo,https://s.glbimg.com/es/sde/f/organizacoes/2019/02/04/botafogo-65.png
87350,Vitor Marinho ,1003,Botafogo,109195,Vitor Marinho de Oliveira,Vitor Marinho,https://s.glbimg.com/es/sde/f/2022/02/21/12dac2a5eae75e37ed96b625c3f97430_140x140.png,Botafogo,https://s.glbimg.com/es/sde/f/organizacoes/2019/02/04/botafogo-65.png
87978,Jhonny,1006,Fluminense,110759,John Kennedy Batista de Souza,John Kennedy,https://s.glbimg.com/es/sde/f/2021/08/19/b1b9b8fc3e7ba9cdea447bad10b25ded_140x140.png,Fluminense,https://s.glbimg.com/es/sde/f/organizacoes/2014/04/14/fluminense_60x60.png
85754,Marcelo,1006,Fluminense,91706,Marlon Rodrigues Xavier,Marlon,https://s.glbimg.com/es/sde/f/2022/02/24/56ce5e779fc69c1a78f5c80ff21546ba_140x140.png,Fluminense,https://s.glbimg.com/es/sde/f/organizacoes/2014/04/14/fluminense_60x60.png
